<?xml version = '1.0' encoding = 'UTF-8'?>
<Entity class="oracle.dbtools.crest.model.design.logical.Entity" directorySegmentName="seg_0" id="16454846-8291-9D06-2C8B-26F1FB838B4B" name="modalidade">
<createdBy>Vitor</createdBy>
<createdTime>2020-04-09 09:37:28 UTC</createdTime>
<ownerDesignName>modelo logico v1.0</ownerDesignName>
<engineerTo>
<item key="910130A8-E2BC-E64D-92E6-056015DFCA85" value="true"/>
</engineerTo>
<adequatelyNormalized>NO</adequatelyNormalized>
<expectedVolumes>0</expectedVolumes>
<fwdEngineeringStrategyName>Single Table</fwdEngineeringStrategyName>
<growthPercent>0</growthPercent>
<growthType>Year</growthType>
<maxVolumes>9999999</maxVolumes>
<minVolumes>0</minVolumes>
<normalForm>Third</normalForm>
</Entity>