<?xml version = '1.0' encoding = 'UTF-8'?>
<Entity class="oracle.dbtools.crest.model.design.logical.Entity" directorySegmentName="seg_0" id="82CEC46B-21B4-7636-556C-664EBD367AA6" name="turma">
<createdBy>Vitor</createdBy>
<createdTime>2020-04-09 09:37:22 UTC</createdTime>
<ownerDesignName>modelo logico v1.0</ownerDesignName>
<engineerTo>
<item key="910130A8-E2BC-E64D-92E6-056015DFCA85" value="true"/>
</engineerTo>
<adequatelyNormalized>NO</adequatelyNormalized>
<expectedVolumes>0</expectedVolumes>
<fwdEngineeringStrategyName>Single Table</fwdEngineeringStrategyName>
<growthPercent>0</growthPercent>
<growthType>Year</growthType>
<maxVolumes>9999999</maxVolumes>
<minVolumes>0</minVolumes>
<normalForm>Third</normalForm>
<attributes itemClass="oracle.dbtools.crest.model.design.logical.Attribute">
<Attribute name="data/horario" id="1DE12C95-DF60-71A6-45E4-D684739F8A16">
<createdBy>Vitor</createdBy>
<createdTime>2020-04-09 09:54:10 UTC</createdTime>
<ownerDesignName>modelo logico v1.0</ownerDesignName>
<engineerTo>
<item key="910130A8-E2BC-E64D-92E6-056015DFCA85" value="true"/>
</engineerTo>
<nullsAllowed>true</nullsAllowed>
<use>0</use>
<ownDataTypeParameters>,,</ownDataTypeParameters>
</Attribute>
</attributes>
</Entity>