<?xml version = '1.0' encoding = 'UTF-8'?>
<Relation class="oracle.dbtools.crest.model.design.logical.Relation" name="Relation_5" directorySegmentName="seg_0" id="0C52CF2C-870F-B7C7-DF24-76F91CDD227C">
<createdBy>Vitor</createdBy>
<createdTime>2020-04-09 09:43:33 UTC</createdTime>
<ownerDesignName>modelo logico v1.0</ownerDesignName>
<engineerTo>
<item key="910130A8-E2BC-E64D-92E6-056015DFCA85" value="true"/>
</engineerTo>
<identifying>false</identifying>
<optionalSource>false</optionalSource>
<optionalTarget>false</optionalTarget>
<sourceCardinality>1</sourceCardinality>
<sourceEntity>82CEC46B-21B4-7636-556C-664EBD367AA6</sourceEntity>
<targetCardinalityString>*</targetCardinalityString>
<targetEntity>5F3260F4-3C03-23F1-B047-EC02012AE63A</targetEntity>
<transferable>true</transferable>
<deleteRule>NO ACTION</deleteRule>
</Relation>