<?xml version = '1.0' encoding = 'UTF-8'?>
<Relation class="oracle.dbtools.crest.model.design.logical.Relation" name="Relation_2" directorySegmentName="seg_0" id="24406C6A-885D-F10A-EC0D-7E1443DFFBB7">
<createdBy>Vitor</createdBy>
<createdTime>2020-04-09 09:40:21 UTC</createdTime>
<ownerDesignName>modelo logico v1.0</ownerDesignName>
<engineerTo>
<item key="910130A8-E2BC-E64D-92E6-056015DFCA85" value="true"/>
</engineerTo>
<identifying>false</identifying>
<optionalSource>true</optionalSource>
<optionalTarget>false</optionalTarget>
<sourceCardinality>1</sourceCardinality>
<sourceEntity>3F1FCF91-BCAD-1AF5-DF69-A548FBC2486C</sourceEntity>
<targetCardinalityString>*</targetCardinalityString>
<targetEntity>82CEC46B-21B4-7636-556C-664EBD367AA6</targetEntity>
<transferable>true</transferable>
<deleteRule>NO ACTION</deleteRule>
</Relation>