<?xml version = '1.0' encoding = 'UTF-8'?>
<Relation class="oracle.dbtools.crest.model.design.logical.Relation" name="Relation_7" directorySegmentName="seg_0" id="8A1B1B5B-6657-33E1-37C5-FD45E8BE193F">
<createdBy>Vitor</createdBy>
<createdTime>2020-04-09 09:47:16 UTC</createdTime>
<ownerDesignName>modelo logico v1.0</ownerDesignName>
<engineerTo>
<item key="910130A8-E2BC-E64D-92E6-056015DFCA85" value="true"/>
</engineerTo>
<identifying>false</identifying>
<optionalSource>true</optionalSource>
<optionalTarget>false</optionalTarget>
<sourceCardinality>1</sourceCardinality>
<sourceEntity>16454846-8291-9D06-2C8B-26F1FB838B4B</sourceEntity>
<targetCardinalityString>*</targetCardinalityString>
<targetEntity>82CEC46B-21B4-7636-556C-664EBD367AA6</targetEntity>
<transferable>true</transferable>
<deleteRule>NO ACTION</deleteRule>
</Relation>