<?xml version = '1.0' encoding = 'UTF-8'?>
<Relation class="oracle.dbtools.crest.model.design.logical.Relation" name="Relation_8" directorySegmentName="seg_0" id="C4333AA4-E3AC-D7FE-3D6E-71199D34F86A">
<createdBy>Vitor</createdBy>
<createdTime>2020-04-09 09:47:24 UTC</createdTime>
<ownerDesignName>modelo logico v1.0</ownerDesignName>
<engineerTo>
<item key="910130A8-E2BC-E64D-92E6-056015DFCA85" value="true"/>
</engineerTo>
<identifying>false</identifying>
<optionalSource>true</optionalSource>
<optionalTarget>false</optionalTarget>
<sourceCardinality>1</sourceCardinality>
<sourceEntity>16454846-8291-9D06-2C8B-26F1FB838B4B</sourceEntity>
<targetCardinalityString>*</targetCardinalityString>
<targetEntity>1650554D-3B04-9D14-30C4-A3407F9168C1</targetEntity>
<transferable>true</transferable>
<deleteRule>NO ACTION</deleteRule>
</Relation>