<?xml version = '1.0' encoding = 'UTF-8'?>
<Entity class="oracle.dbtools.crest.model.design.logical.Entity" directorySegmentName="seg_0" id="1650554D-3B04-9D14-30C4-A3407F9168C1" name="aula particular">
<createdBy>Vitor</createdBy>
<createdTime>2020-04-09 09:37:34 UTC</createdTime>
<ownerDesignName>Modelo Logico_Relacional</ownerDesignName>
<engineerTo>
<item key="910130A8-E2BC-E64D-92E6-056015DFCA85" value="true"/>
</engineerTo>
<adequatelyNormalized>NO</adequatelyNormalized>
<expectedVolumes>0</expectedVolumes>
<fwdEngineeringStrategyName>Single Table</fwdEngineeringStrategyName>
<growthPercent>0</growthPercent>
<growthType>Year</growthType>
<maxVolumes>9999999</maxVolumes>
<minVolumes>0</minVolumes>
<normalForm>Third</normalForm>
<attributes itemClass="oracle.dbtools.crest.model.design.logical.Attribute">
<Attribute name="id_aula" id="FC346138-F9BB-86DF-6C45-770634748228">
<createdBy>Vitor</createdBy>
<createdTime>2020-05-06 23:53:33 UTC</createdTime>
<ownerDesignName>Modelo Logico_Relacional</ownerDesignName>
<engineerTo>
<item key="910130A8-E2BC-E64D-92E6-056015DFCA85" value="true"/>
</engineerTo>
<use>0</use>
<ownDataTypeParameters>,,</ownDataTypeParameters>
</Attribute>
<Attribute name="data" id="1DCCE915-4D2E-8DCF-F7C7-DBFD67D633D2">
<createdBy>Vitor</createdBy>
<createdTime>2020-04-09 09:53:06 UTC</createdTime>
<ownerDesignName>Modelo Logico_Relacional</ownerDesignName>
<engineerTo>
<item key="910130A8-E2BC-E64D-92E6-056015DFCA85" value="true"/>
</engineerTo>
<use>0</use>
<ownDataTypeParameters>,,</ownDataTypeParameters>
</Attribute>
<Attribute name="hora" id="50E7FB96-E8E8-B098-E179-7160CFC94328">
<createdBy>Vitor</createdBy>
<createdTime>2020-04-28 16:31:29 UTC</createdTime>
<ownerDesignName>Modelo Logico_Relacional</ownerDesignName>
<engineerTo>
<item key="910130A8-E2BC-E64D-92E6-056015DFCA85" value="true"/>
</engineerTo>
<use>0</use>
<ownDataTypeParameters>,,</ownDataTypeParameters>
</Attribute>
<Attribute name="preco" id="70249DFA-4C83-2E72-6787-A1CDA2D88919">
<createdBy>Vitor</createdBy>
<createdTime>2020-04-09 10:01:20 UTC</createdTime>
<ownerDesignName>Modelo Logico_Relacional</ownerDesignName>
<engineerTo>
<item key="910130A8-E2BC-E64D-92E6-056015DFCA85" value="true"/>
</engineerTo>
<use>0</use>
<ownDataTypeParameters>,,</ownDataTypeParameters>
</Attribute>
<Attribute name="matricula" id="19C2C0D3-C62C-AEEC-9349-91E9ED62CCCB">
<createdBy>Vitor</createdBy>
<createdTime>2020-05-06 23:20:10 UTC</createdTime>
<generatorID>4264B6F0-87FB-FB95-0763-0EE6D85A6868</generatorID>
<ownerDesignName>Modelo Logico_Relacional</ownerDesignName>
<engineerTo>
<item key="910130A8-E2BC-E64D-92E6-056015DFCA85" value="true"/>
</engineerTo>
<referedAttribute>825B12EB-957E-3631-A97A-FB0474BD3D43</referedAttribute>
<use>0</use>
<ownDataTypeParameters>,,</ownDataTypeParameters>
</Attribute>
<Attribute name="registro" id="7860C315-EF33-F117-A05A-980CC23163B4">
<createdBy>Vitor</createdBy>
<createdTime>2020-05-06 23:20:16 UTC</createdTime>
<generatorID>38183791-D137-FBD5-FF3F-DDC5D25F8FB2</generatorID>
<ownerDesignName>Modelo Logico_Relacional</ownerDesignName>
<engineerTo>
<item key="910130A8-E2BC-E64D-92E6-056015DFCA85" value="true"/>
</engineerTo>
<referedAttribute>81106F85-3B31-6246-91CC-F8E6C9EDA9FE</referedAttribute>
<use>0</use>
<ownDataTypeParameters>,,</ownDataTypeParameters>
</Attribute>
</attributes>
<identifiers itemClass="oracle.dbtools.crest.model.design.logical.CandidateKey">
<identifier id="7C080347-6844-4A5F-DDC8-0F0B9167DA59" name="aula particular PK">
<createdBy>Vitor</createdBy>
<createdTime>2020-04-28 16:43:36 UTC</createdTime>
<ownerDesignName>Modelo Logico_Relacional</ownerDesignName>
<engineerTo>
<item key="910130A8-E2BC-E64D-92E6-056015DFCA85" value="true"/>
</engineerTo>
<pk>true</pk>
<usedAttributes>
<attributeRef>FC346138-F9BB-86DF-6C45-770634748228</attributeRef>
</usedAttributes>
</identifier>
</identifiers>
</Entity>