<?xml version = '1.0' encoding = 'UTF-8'?>
<Entity class="oracle.dbtools.crest.model.design.logical.Entity" directorySegmentName="seg_0" id="3B30219E-6559-5068-5FAD-BB461B7721C3" name="plano">
<createdBy>Vitor</createdBy>
<createdTime>2020-04-09 09:38:04 UTC</createdTime>
<ownerDesignName>Modelo Logico_Relacional</ownerDesignName>
<engineerTo>
<item key="910130A8-E2BC-E64D-92E6-056015DFCA85" value="true"/>
</engineerTo>
<adequatelyNormalized>NO</adequatelyNormalized>
<expectedVolumes>0</expectedVolumes>
<fwdEngineeringStrategyName>Single Table</fwdEngineeringStrategyName>
<growthPercent>0</growthPercent>
<growthType>Year</growthType>
<maxVolumes>9999999</maxVolumes>
<minVolumes>0</minVolumes>
<normalForm>Third</normalForm>
<attributes itemClass="oracle.dbtools.crest.model.design.logical.Attribute">
<Attribute name="nome_plano" id="0EC65905-A154-66F9-2ED3-96EECF6975D4">
<createdBy>Vitor</createdBy>
<createdTime>2020-04-28 16:57:02 UTC</createdTime>
<ownerDesignName>Modelo Logico_Relacional</ownerDesignName>
<engineerTo>
<item key="910130A8-E2BC-E64D-92E6-056015DFCA85" value="true"/>
</engineerTo>
<use>0</use>
<ownDataTypeParameters>,,</ownDataTypeParameters>
</Attribute>
<Attribute name="preco" id="5F221CFC-7186-8701-42DF-9A875F5D5E82">
<createdBy>Vitor</createdBy>
<createdTime>2020-04-09 09:57:14 UTC</createdTime>
<ownerDesignName>Modelo Logico_Relacional</ownerDesignName>
<engineerTo>
<item key="910130A8-E2BC-E64D-92E6-056015DFCA85" value="true"/>
</engineerTo>
<use>0</use>
<ownDataTypeParameters>,,</ownDataTypeParameters>
</Attribute>
<Attribute name="descricao" id="9E0E0DA6-E84D-A5AB-93FF-E415D9FE8F20">
<createdBy>Vitor</createdBy>
<createdTime>2020-04-28 16:57:34 UTC</createdTime>
<ownerDesignName>Modelo Logico_Relacional</ownerDesignName>
<engineerTo>
<item key="910130A8-E2BC-E64D-92E6-056015DFCA85" value="true"/>
</engineerTo>
<use>0</use>
<ownDataTypeParameters>,,</ownDataTypeParameters>
</Attribute>
</attributes>
<identifiers itemClass="oracle.dbtools.crest.model.design.logical.CandidateKey">
<identifier id="8DD4B0CB-0E50-79FE-6B15-4A9A9045665D" name="plano PK">
<createdBy>Vitor</createdBy>
<createdTime>2020-04-28 16:37:42 UTC</createdTime>
<ownerDesignName>Modelo Logico_Relacional</ownerDesignName>
<engineerTo>
<item key="910130A8-E2BC-E64D-92E6-056015DFCA85" value="true"/>
</engineerTo>
<pk>true</pk>
<usedAttributes>
<attributeRef>0EC65905-A154-66F9-2ED3-96EECF6975D4</attributeRef>
</usedAttributes>
</identifier>
</identifiers>
</Entity>