<?xml version = '1.0' encoding = 'UTF-8'?>
<Entity class="oracle.dbtools.crest.model.design.logical.Entity" directorySegmentName="seg_0" id="71D7237B-9464-EEED-59BE-0BF841464642" name="aluno">
<createdBy>Vitor</createdBy>
<createdTime>2020-04-02 16:21:00 UTC</createdTime>
<ownerDesignName>Banco de dados academia</ownerDesignName>
<engineerTo>
<item key="A31BB78B-980B-46E7-C885-2B44F190B212" value="true"/>
</engineerTo>
<adequatelyNormalized>NO</adequatelyNormalized>
<expectedVolumes>0</expectedVolumes>
<fwdEngineeringStrategyName>Single Table</fwdEngineeringStrategyName>
<growthPercent>0</growthPercent>
<growthType>Year</growthType>
<maxVolumes>9999999</maxVolumes>
<minVolumes>0</minVolumes>
<normalForm>Third</normalForm>
</Entity>