<?xml version = '1.0' encoding = 'UTF-8'?>
<Relation class="oracle.dbtools.crest.model.design.logical.Relation" name="Relation_17" directorySegmentName="seg_0" id="1A95B2CC-E16D-2E2F-31CA-886733139A05">
<createdBy>Vitor</createdBy>
<createdTime>2020-04-07 00:14:01 UTC</createdTime>
<ownerDesignName>Banco de dados academia</ownerDesignName>
<engineerTo>
<item key="A31BB78B-980B-46E7-C885-2B44F190B212" value="true"/>
</engineerTo>
<identifying>false</identifying>
<optionalSource>true</optionalSource>
<optionalTarget>false</optionalTarget>
<sourceCardinality>1</sourceCardinality>
<sourceEntity>1011C2B8-588D-0871-B9FF-B33CDCE96BAB</sourceEntity>
<targetCardinalityString>*</targetCardinalityString>
<targetEntity>240D2313-72EE-69D1-0BA0-B385EEF56B28</targetEntity>
<transferable>true</transferable>
<deleteRule>NO ACTION</deleteRule>
</Relation>