<?xml version = '1.0' encoding = 'UTF-8'?>
<Relation class="oracle.dbtools.crest.model.design.logical.Relation" name="Relation_14" directorySegmentName="seg_0" id="3C190AEF-5480-5F57-B7F9-43A69C6EFDA7">
<createdBy>Vitor</createdBy>
<createdTime>2020-04-07 00:07:48 UTC</createdTime>
<ownerDesignName>Banco de dados academia</ownerDesignName>
<engineerTo>
<item key="A31BB78B-980B-46E7-C885-2B44F190B212" value="true"/>
</engineerTo>
<identifying>false</identifying>
<optionalSource>true</optionalSource>
<optionalTarget>false</optionalTarget>
<sourceCardinality>1</sourceCardinality>
<sourceEntity>6714E1A1-F573-4032-08B0-7B782FBFA836</sourceEntity>
<targetCardinalityString>*</targetCardinalityString>
<targetEntity>240D2313-72EE-69D1-0BA0-B385EEF56B28</targetEntity>
<transferable>true</transferable>
<deleteRule>NO ACTION</deleteRule>
</Relation>