<?xml version = '1.0' encoding = 'UTF-8'?>
<Relation class="oracle.dbtools.crest.model.design.logical.Relation" name="Relation_12" directorySegmentName="seg_0" id="429F73D9-FB35-2CBF-60B6-5C06AA0AE46B">
<createdBy>Vitor</createdBy>
<createdTime>2020-04-07 00:05:37 UTC</createdTime>
<ownerDesignName>Banco de dados academia</ownerDesignName>
<engineerTo>
<item key="A31BB78B-980B-46E7-C885-2B44F190B212" value="true"/>
</engineerTo>
<identifying>false</identifying>
<optionalSource>true</optionalSource>
<optionalTarget>false</optionalTarget>
<sourceCardinality>1</sourceCardinality>
<sourceEntity>10185822-2C2F-7FCF-3FA2-BD26C9D5CD50</sourceEntity>
<targetCardinalityString>*</targetCardinalityString>
<targetEntity>3C13F4FF-9DA6-A0F5-199C-DD0E7BC4DAF7</targetEntity>
<transferable>true</transferable>
<deleteRule>NO ACTION</deleteRule>
</Relation>