<?xml version = '1.0' encoding = 'UTF-8'?>
<Relation class="oracle.dbtools.crest.model.design.logical.Relation" name="Relation_15" directorySegmentName="seg_0" id="45F65259-6565-703D-6937-3E34075C6BF0">
<createdBy>Vitor</createdBy>
<createdTime>2020-04-07 00:09:10 UTC</createdTime>
<ownerDesignName>Banco de dados academia</ownerDesignName>
<engineerTo>
<item key="A31BB78B-980B-46E7-C885-2B44F190B212" value="true"/>
</engineerTo>
<identifying>false</identifying>
<optionalSource>true</optionalSource>
<optionalTarget>false</optionalTarget>
<sourceCardinality>1</sourceCardinality>
<sourceEntity>6714E1A1-F573-4032-08B0-7B782FBFA836</sourceEntity>
<targetCardinalityString>*</targetCardinalityString>
<targetEntity>09FE58A1-CC43-273B-168D-D8089ACC7702</targetEntity>
<transferable>true</transferable>
<deleteRule>NO ACTION</deleteRule>
</Relation>