<?xml version = '1.0' encoding = 'UTF-8'?>
<Relation class="oracle.dbtools.crest.model.design.logical.Relation" name="Relation_19" directorySegmentName="seg_0" id="8E97D11E-D959-8A43-12A3-82F307801BD3">
<createdBy>Vitor</createdBy>
<createdTime>2020-04-07 00:15:16 UTC</createdTime>
<ownerDesignName>Banco de dados academia</ownerDesignName>
<engineerTo>
<item key="A31BB78B-980B-46E7-C885-2B44F190B212" value="true"/>
</engineerTo>
<identifying>false</identifying>
<optionalSource>false</optionalSource>
<optionalTarget>false</optionalTarget>
<sourceCardinality>1</sourceCardinality>
<sourceEntity>240D2313-72EE-69D1-0BA0-B385EEF56B28</sourceEntity>
<targetCardinalityString>*</targetCardinalityString>
<targetEntity>340623C1-97B2-E4E5-0A1D-49CE338C0A19</targetEntity>
<transferable>true</transferable>
<deleteRule>NO ACTION</deleteRule>
</Relation>