<?xml version = '1.0' encoding = 'UTF-8'?>
<Relation class="oracle.dbtools.crest.model.design.logical.Relation" name="Relation_18" directorySegmentName="seg_0" id="CBFB6B07-2EE7-4E7E-F1DF-F24BFFB87CAB">
<createdBy>Vitor</createdBy>
<createdTime>2020-04-07 00:14:18 UTC</createdTime>
<ownerDesignName>Banco de dados academia</ownerDesignName>
<engineerTo>
<item key="A31BB78B-980B-46E7-C885-2B44F190B212" value="true"/>
</engineerTo>
<identifying>false</identifying>
<optionalSource>true</optionalSource>
<optionalTarget>false</optionalTarget>
<sourceCardinality>1</sourceCardinality>
<sourceEntity>71D7237B-9464-EEED-59BE-0BF841464642</sourceEntity>
<targetCardinalityString>*</targetCardinalityString>
<targetEntity>09FE58A1-CC43-273B-168D-D8089ACC7702</targetEntity>
<transferable>true</transferable>
<deleteRule>NO ACTION</deleteRule>
</Relation>