<?xml version = '1.0' encoding = 'UTF-8'?>
<Relation class="oracle.dbtools.crest.model.design.logical.Relation" name="Relation_21" directorySegmentName="seg_0" id="D5FD0F13-B4D5-04A6-E0AF-49B4B574AB4D">
<createdBy>Vitor</createdBy>
<createdTime>2020-04-07 00:15:48 UTC</createdTime>
<ownerDesignName>Banco de dados academia</ownerDesignName>
<engineerTo>
<item key="A31BB78B-980B-46E7-C885-2B44F190B212" value="true"/>
</engineerTo>
<identifying>false</identifying>
<optionalSource>false</optionalSource>
<optionalTarget>false</optionalTarget>
<sourceCardinality>*</sourceCardinality>
<sourceEntity>340623C1-97B2-E4E5-0A1D-49CE338C0A19</sourceEntity>
<targetCardinalityString>1</targetCardinalityString>
<targetEntity>71D7237B-9464-EEED-59BE-0BF841464642</targetEntity>
<transferable>true</transferable>
<deleteRule>NO ACTION</deleteRule>
</Relation>