<?xml version = '1.0' encoding = 'UTF-8'?>
<Relation class="oracle.dbtools.crest.model.design.logical.Relation" name="Relation_16" directorySegmentName="seg_0" id="ED731DC5-1FD6-EB68-B9A9-B8ED668C7898">
<createdBy>Vitor</createdBy>
<createdTime>2020-04-07 00:13:39 UTC</createdTime>
<ownerDesignName>Banco de dados academia</ownerDesignName>
<engineerTo>
<item key="A31BB78B-980B-46E7-C885-2B44F190B212" value="true"/>
</engineerTo>
<identifying>false</identifying>
<optionalSource>true</optionalSource>
<optionalTarget>false</optionalTarget>
<sourceCardinality>1</sourceCardinality>
<sourceEntity>1011C2B8-588D-0871-B9FF-B33CDCE96BAB</sourceEntity>
<targetCardinalityString>*</targetCardinalityString>
<targetEntity>09FE58A1-CC43-273B-168D-D8089ACC7702</targetEntity>
<transferable>true</transferable>
<deleteRule>NO ACTION</deleteRule>
</Relation>