<?xml version = '1.0' encoding = 'UTF-8'?>
<Relation class="oracle.dbtools.crest.model.design.logical.Relation" name="Relation_22" directorySegmentName="seg_0" id="EF4F823A-ED3B-FF90-ACB9-9FBB962D6845">
<createdBy>Vitor</createdBy>
<createdTime>2020-04-07 00:16:32 UTC</createdTime>
<ownerDesignName>Banco de dados academia</ownerDesignName>
<engineerTo>
<item key="A31BB78B-980B-46E7-C885-2B44F190B212" value="true"/>
</engineerTo>
<identifying>false</identifying>
<optionalSource>true</optionalSource>
<optionalTarget>false</optionalTarget>
<sourceCardinality>1</sourceCardinality>
<sourceEntity>590B3F94-2DD2-A84B-5B21-611608E8ACDE</sourceEntity>
<targetCardinalityString>*</targetCardinalityString>
<targetEntity>71D7237B-9464-EEED-59BE-0BF841464642</targetEntity>
<transferable>true</transferable>
<deleteRule>NO ACTION</deleteRule>
</Relation>