<?xml version = '1.0' encoding = 'UTF-8'?>
<Entity class="oracle.dbtools.crest.model.design.logical.Entity" directorySegmentName="seg_0" id="16869177-9246-CAD4-1DE0-0B420002D07D" name="pagamento">
<createdBy>Vitor</createdBy>
<createdTime>2020-04-28 16:58:02 UTC</createdTime>
<ownerDesignName>modelo logico v1.0</ownerDesignName>
<engineerTo>
<item key="910130A8-E2BC-E64D-92E6-056015DFCA85" value="true"/>
</engineerTo>
<adequatelyNormalized>NO</adequatelyNormalized>
<expectedVolumes>0</expectedVolumes>
<fwdEngineeringStrategyName>Single Table</fwdEngineeringStrategyName>
<growthPercent>0</growthPercent>
<growthType>Year</growthType>
<maxVolumes>9999999</maxVolumes>
<minVolumes>0</minVolumes>
<normalForm>Third</normalForm>
<attributes itemClass="oracle.dbtools.crest.model.design.logical.Attribute">
<Attribute name="id_pagamento" id="5120C6B1-09C7-C17B-E1F9-4E76AA17592A">
<createdBy>Vitor</createdBy>
<createdTime>2020-04-28 19:22:21 UTC</createdTime>
<ownerDesignName>modelo logico v1.0</ownerDesignName>
<engineerTo>
<item key="910130A8-E2BC-E64D-92E6-056015DFCA85" value="true"/>
</engineerTo>
<use>0</use>
<ownDataTypeParameters>,,</ownDataTypeParameters>
</Attribute>
<Attribute name="data" id="D6038E3C-B3F7-9F6B-7F0C-64991B2B3B6E">
<createdBy>Vitor</createdBy>
<createdTime>2020-04-28 18:30:56 UTC</createdTime>
<ownerDesignName>modelo logico v1.0</ownerDesignName>
<engineerTo>
<item key="910130A8-E2BC-E64D-92E6-056015DFCA85" value="true"/>
</engineerTo>
<use>0</use>
<ownDataTypeParameters>,,</ownDataTypeParameters>
</Attribute>
<Attribute name="modalidade" id="65AEF1C1-1499-BFB7-7660-410FADB39C6C">
<createdBy>Vitor</createdBy>
<createdTime>2020-04-28 16:58:10 UTC</createdTime>
<ownerDesignName>modelo logico v1.0</ownerDesignName>
<engineerTo>
<item key="910130A8-E2BC-E64D-92E6-056015DFCA85" value="true"/>
</engineerTo>
<use>0</use>
<ownDataTypeParameters>,,</ownDataTypeParameters>
</Attribute>
<Attribute name="cpf" id="238FCA17-1263-33CF-BE41-F51CF1334C71">
<createdBy>Vitor</createdBy>
<createdTime>2020-04-28 17:31:00 UTC</createdTime>
<generatorID>812EB00F-2484-2AB4-8005-908E6493C537</generatorID>
<ownerDesignName>modelo logico v1.0</ownerDesignName>
<engineerTo>
<item key="910130A8-E2BC-E64D-92E6-056015DFCA85" value="true"/>
</engineerTo>
<referedAttribute>AA24ABCE-E948-5781-13B5-C2DCE82E3FDF</referedAttribute>
<use>0</use>
<ownDataTypeParameters>,,</ownDataTypeParameters>
</Attribute>
<Attribute name="matricula" id="4683EEDC-A186-F48E-BB75-3997C1A27519">
<createdBy>Vitor</createdBy>
<createdTime>2020-04-28 17:34:48 UTC</createdTime>
<generatorID>812EB00F-2484-2AB4-8005-908E6493C537</generatorID>
<ownerDesignName>modelo logico v1.0</ownerDesignName>
<engineerTo>
<item key="910130A8-E2BC-E64D-92E6-056015DFCA85" value="true"/>
</engineerTo>
<referedAttribute>825B12EB-957E-3631-A97A-FB0474BD3D43</referedAttribute>
<use>0</use>
<ownDataTypeParameters>,,</ownDataTypeParameters>
</Attribute>
<Attribute name="valor" id="9B52F64F-88AA-4BA7-A565-9718DE39A15A">
<createdBy>Vitor</createdBy>
<createdTime>2020-04-28 19:00:37 UTC</createdTime>
<ownerDesignName>modelo logico v1.0</ownerDesignName>
<engineerTo>
<item key="910130A8-E2BC-E64D-92E6-056015DFCA85" value="true"/>
</engineerTo>
<use>0</use>
<ownDataTypeParameters>,,</ownDataTypeParameters>
</Attribute>
<Attribute name="data1" id="E418CFE3-3CE9-93D7-98C3-B65CC34EFC44">
<createdBy>Vitor</createdBy>
<createdTime>2020-04-28 19:23:47 UTC</createdTime>
<generatorID>1B06412E-D6B6-8310-346E-A464EE997A2F</generatorID>
<ownerDesignName>modelo logico v1.0</ownerDesignName>
<engineerTo>
<item key="910130A8-E2BC-E64D-92E6-056015DFCA85" value="true"/>
</engineerTo>
<referedAttribute>1DCCE915-4D2E-8DCF-F7C7-DBFD67D633D2</referedAttribute>
<use>0</use>
<ownDataTypeParameters>,,</ownDataTypeParameters>
</Attribute>
</attributes>
<identifiers itemClass="oracle.dbtools.crest.model.design.logical.CandidateKey">
<identifier id="2905F31B-81C1-178B-4D07-15D0C6F25669" name="pagamento PK">
<createdBy>Vitor</createdBy>
<createdTime>2020-04-28 17:25:37 UTC</createdTime>
<ownerDesignName>modelo logico v1.0</ownerDesignName>
<engineerTo>
<item key="910130A8-E2BC-E64D-92E6-056015DFCA85" value="true"/>
</engineerTo>
<pk>true</pk>
<usedAttributes>
<attributeRef>5120C6B1-09C7-C17B-E1F9-4E76AA17592A</attributeRef>
</usedAttributes>
</identifier>
</identifiers>
</Entity>