<?xml version = '1.0' encoding = 'UTF-8'?>
<Entity class="oracle.dbtools.crest.model.design.logical.Entity" directorySegmentName="seg_0" id="5F3260F4-3C03-23F1-B047-EC02012AE63A" name="acesso">
<createdBy>Vitor</createdBy>
<createdTime>2020-04-09 09:37:54 UTC</createdTime>
<ownerDesignName>modelo logico v1.0</ownerDesignName>
<engineerTo>
<item key="910130A8-E2BC-E64D-92E6-056015DFCA85" value="true"/>
</engineerTo>
<adequatelyNormalized>NO</adequatelyNormalized>
<expectedVolumes>0</expectedVolumes>
<fwdEngineeringStrategyName>Single Table</fwdEngineeringStrategyName>
<growthPercent>0</growthPercent>
<growthType>Year</growthType>
<maxVolumes>9999999</maxVolumes>
<minVolumes>0</minVolumes>
<normalForm>Third</normalForm>
<attributes itemClass="oracle.dbtools.crest.model.design.logical.Attribute">
<Attribute name="id_acesso" id="10FB5FFF-4BE4-0100-6AC1-71722A78AB29">
<createdBy>Vitor</createdBy>
<createdTime>2020-04-28 16:49:57 UTC</createdTime>
<ownerDesignName>modelo logico v1.0</ownerDesignName>
<engineerTo>
<item key="910130A8-E2BC-E64D-92E6-056015DFCA85" value="true"/>
</engineerTo>
<use>0</use>
<ownDataTypeParameters>,,</ownDataTypeParameters>
</Attribute>
<Attribute name="cnpj" id="7B728B0B-4DB8-8328-61B7-FBD069064A62">
<createdBy>Vitor</createdBy>
<createdTime>2020-04-28 16:37:28 UTC</createdTime>
<generatorID>E885C6DA-B844-1258-D81F-93148F7CA9DA</generatorID>
<ownerDesignName>modelo logico v1.0</ownerDesignName>
<engineerTo>
<item key="910130A8-E2BC-E64D-92E6-056015DFCA85" value="true"/>
</engineerTo>
<referedAttribute>57536E4C-2B5A-2234-27C1-7780DA1F7419</referedAttribute>
<use>0</use>
<ownDataTypeParameters>,,</ownDataTypeParameters>
</Attribute>
<Attribute name="data" id="2DF29CF2-B9C9-43D0-3BD6-094931640FD0">
<createdBy>Vitor</createdBy>
<createdTime>2020-04-28 16:49:19 UTC</createdTime>
<ownerDesignName>modelo logico v1.0</ownerDesignName>
<engineerTo>
<item key="910130A8-E2BC-E64D-92E6-056015DFCA85" value="true"/>
</engineerTo>
<use>0</use>
<ownDataTypeParameters>,,</ownDataTypeParameters>
</Attribute>
<Attribute name="hora" id="1F2C7EC0-E0C1-9712-F167-0EDD28A049D7">
<createdBy>Vitor</createdBy>
<createdTime>2020-04-28 16:49:28 UTC</createdTime>
<ownerDesignName>modelo logico v1.0</ownerDesignName>
<engineerTo>
<item key="910130A8-E2BC-E64D-92E6-056015DFCA85" value="true"/>
</engineerTo>
<use>0</use>
<ownDataTypeParameters>,,</ownDataTypeParameters>
</Attribute>
<Attribute name="cpf" id="BC30D363-B957-4366-400C-C93FB8F62A6C">
<createdBy>Vitor</createdBy>
<createdTime>2020-04-28 17:31:00 UTC</createdTime>
<generatorID>690F7F21-4C30-A6E7-D2D8-9C9290789B90</generatorID>
<ownerDesignName>modelo logico v1.0</ownerDesignName>
<engineerTo>
<item key="910130A8-E2BC-E64D-92E6-056015DFCA85" value="true"/>
</engineerTo>
<referedAttribute>AA24ABCE-E948-5781-13B5-C2DCE82E3FDF</referedAttribute>
<use>0</use>
<ownDataTypeParameters>,,</ownDataTypeParameters>
</Attribute>
<Attribute name="matricula" id="D727F9AD-936E-B6B6-435F-F1AD4ABCF754">
<createdBy>Vitor</createdBy>
<createdTime>2020-04-28 17:34:48 UTC</createdTime>
<generatorID>690F7F21-4C30-A6E7-D2D8-9C9290789B90</generatorID>
<ownerDesignName>modelo logico v1.0</ownerDesignName>
<engineerTo>
<item key="910130A8-E2BC-E64D-92E6-056015DFCA85" value="true"/>
</engineerTo>
<referedAttribute>825B12EB-957E-3631-A97A-FB0474BD3D43</referedAttribute>
<use>0</use>
<ownDataTypeParameters>,,</ownDataTypeParameters>
</Attribute>
</attributes>
<identifiers itemClass="oracle.dbtools.crest.model.design.logical.CandidateKey">
<identifier id="55EF00CB-1523-D387-DB3D-294E705F09BB" name="acesso PK">
<createdBy>Vitor</createdBy>
<createdTime>2020-04-28 16:50:03 UTC</createdTime>
<ownerDesignName>modelo logico v1.0</ownerDesignName>
<engineerTo>
<item key="910130A8-E2BC-E64D-92E6-056015DFCA85" value="true"/>
</engineerTo>
<pk>true</pk>
<usedAttributes>
<attributeRef>10FB5FFF-4BE4-0100-6AC1-71722A78AB29</attributeRef>
</usedAttributes>
</identifier>
</identifiers>
</Entity>