<?xml version = '1.0' encoding = 'UTF-8'?>
<Entity class="oracle.dbtools.crest.model.design.logical.Entity" directorySegmentName="seg_0" id="C2452379-EEA6-824D-B721-4C22E98CF490" name="escala">
<createdBy>Vitor</createdBy>
<createdTime>2020-04-28 16:38:52 UTC</createdTime>
<ownerDesignName>modelo logico v1.0</ownerDesignName>
<engineerTo>
<item key="910130A8-E2BC-E64D-92E6-056015DFCA85" value="true"/>
</engineerTo>
<adequatelyNormalized>NO</adequatelyNormalized>
<expectedVolumes>0</expectedVolumes>
<fwdEngineeringStrategyName>Single Table</fwdEngineeringStrategyName>
<growthPercent>0</growthPercent>
<growthType>Year</growthType>
<maxVolumes>9999999</maxVolumes>
<minVolumes>0</minVolumes>
<normalForm>Third</normalForm>
<attributes itemClass="oracle.dbtools.crest.model.design.logical.Attribute">
<Attribute name="data" id="9B65ECD6-8F43-9A8A-201C-39D93EB58270">
<createdBy>Vitor</createdBy>
<createdTime>2020-04-28 16:39:03 UTC</createdTime>
<ownerDesignName>modelo logico v1.0</ownerDesignName>
<engineerTo>
<item key="910130A8-E2BC-E64D-92E6-056015DFCA85" value="true"/>
</engineerTo>
<use>0</use>
<ownDataTypeParameters>,,</ownDataTypeParameters>
</Attribute>
<Attribute name="hora" id="97EA530F-BE32-14BD-3EEF-6738772BE960">
<createdBy>Vitor</createdBy>
<createdTime>2020-04-28 16:39:06 UTC</createdTime>
<ownerDesignName>modelo logico v1.0</ownerDesignName>
<engineerTo>
<item key="910130A8-E2BC-E64D-92E6-056015DFCA85" value="true"/>
</engineerTo>
<use>0</use>
<ownDataTypeParameters>,,</ownDataTypeParameters>
</Attribute>
<Attribute name="registro" id="0237AB27-FA8A-215F-F296-9E5D07553984">
<createdBy>Vitor</createdBy>
<createdTime>2020-04-28 17:30:41 UTC</createdTime>
<generatorID>B00B1B2F-3343-41AA-BF6B-258F308A9749</generatorID>
<ownerDesignName>modelo logico v1.0</ownerDesignName>
<engineerTo>
<item key="910130A8-E2BC-E64D-92E6-056015DFCA85" value="true"/>
</engineerTo>
<referedAttribute>81106F85-3B31-6246-91CC-F8E6C9EDA9FE</referedAttribute>
<use>0</use>
<ownDataTypeParameters>,,</ownDataTypeParameters>
</Attribute>
</attributes>
<identifiers itemClass="oracle.dbtools.crest.model.design.logical.CandidateKey">
<identifier id="54DA1579-D0BF-C322-2704-39431EBEDBEE" name="escala PK">
<createdBy>Vitor</createdBy>
<createdTime>2020-04-28 16:43:45 UTC</createdTime>
<ownerDesignName>modelo logico v1.0</ownerDesignName>
<engineerTo>
<item key="910130A8-E2BC-E64D-92E6-056015DFCA85" value="true"/>
</engineerTo>
<pk>true</pk>
<usedAttributes>
<attributeRef>9B65ECD6-8F43-9A8A-201C-39D93EB58270</attributeRef>
</usedAttributes>
</identifier>
</identifiers>
</Entity>