<?xml version = '1.0' encoding = 'UTF-8'?>
<Relation class="oracle.dbtools.crest.model.design.logical.Relation" name="Relation_9" directorySegmentName="seg_0" id="4264B6F0-87FB-FB95-0763-0EE6D85A6868">
<createdBy>Vitor</createdBy>
<createdTime>2020-04-09 09:48:51 UTC</createdTime>
<ownerDesignName>modelo logico v1.0</ownerDesignName>
<engineerTo>
<item key="910130A8-E2BC-E64D-92E6-056015DFCA85" value="true"/>
</engineerTo>
<identifying>false</identifying>
<optionalSource>true</optionalSource>
<optionalTarget>false</optionalTarget>
<sourceCardinality>1</sourceCardinality>
<sourceEntity>4B7D3D60-F08A-5A57-347C-258171CD856F</sourceEntity>
<targetCardinalityString>*</targetCardinalityString>
<targetEntity>1650554D-3B04-9D14-30C4-A3407F9168C1</targetEntity>
<transferable>true</transferable>
<deleteRule>NO ACTION</deleteRule>
</Relation>