<?xml version = '1.0' encoding = 'UTF-8'?>
<FKIndexAssociation class="oracle.dbtools.crest.model.design.relational.FKIndexAssociation" directorySegmentName="seg_0" id="01DB7ACA-2A5B-1445-E16F-CEE77C55AEE7" containerWithKeyObject="37717568-5DB0-BF6C-4B52-838210E6C94C" localFKIndex="4ED872D7-B9B7-A949-D995-2E8B3B6C9D2B" name="pagamento_aluno_FK">
<createdBy>Vitor</createdBy>
<createdTime>2020-05-06 23:59:58 UTC</createdTime>
<generatorID>812EB00F-2484-2AB4-8005-908E6493C537</generatorID>
<ownerDesignName>Modelo Logico_Relacional</ownerDesignName>
<referredTableLongName>aluno</referredTableLongName>
<deleteRule>NO ACTION</deleteRule>
<referredTableID>C4B6918C-B412-9889-6597-6BD480CA6B3A</referredTableID>
<keyObject>8B29028B-F1F7-3A08-FF09-5B592C819AED</keyObject>
<referredKeyID>8B29028B-F1F7-3A08-FF09-5B592C819AED</referredKeyID>
<mandatory>true</mandatory>
<refColNames>matricula</refColNames>
<transferable>true</transferable>
<rely>false</rely>
<columnDependencyConstraintGenerateInDDL>true</columnDependencyConstraintGenerateInDDL>
</FKIndexAssociation>