<?xml version = '1.0' encoding = 'UTF-8'?>
<FKIndexAssociation class="oracle.dbtools.crest.model.design.relational.FKIndexAssociation" directorySegmentName="seg_0" id="23389D51-19AB-1315-8208-A691F2193496" containerWithKeyObject="646EB4CC-8DBC-ACC1-EAE0-1F997BFF6C20" localFKIndex="97384502-E539-D9BB-709D-75B58AE56077" name="professor_funcionarios_FK">
<createdBy>Vitor</createdBy>
<createdTime>2020-05-06 23:59:58 UTC</createdTime>
<generatorID>0893B58D-0731-59F3-4FDD-126F1D702070</generatorID>
<ownerDesignName>Modelo Logico_Relacional</ownerDesignName>
<referredTableLongName>funcionarios</referredTableLongName>
<arc>66B40FF3-DE14-369A-16FE-C7B5474BFAC9</arc>
<deleteRule>NO ACTION</deleteRule>
<referredTableID>18BB7EC8-98FC-4490-51CB-9DD2C3CB1290</referredTableID>
<keyObject>DCCABE9D-A87A-CD21-1174-EC60E3B994C8</keyObject>
<referredKeyID>DCCABE9D-A87A-CD21-1174-EC60E3B994C8</referredKeyID>
<mandatory>true</mandatory>
<refColNames>registro</refColNames>
<transferable>true</transferable>
<rely>false</rely>
<columnDependencyConstraintGenerateInDDL>true</columnDependencyConstraintGenerateInDDL>
</FKIndexAssociation>