<?xml version = '1.0' encoding = 'UTF-8'?>
<FKIndexAssociation class="oracle.dbtools.crest.model.design.relational.FKIndexAssociation" directorySegmentName="seg_0" id="52DFC4AC-3F83-4954-890C-F9F608AE48BE" containerWithKeyObject="37717568-5DB0-BF6C-4B52-838210E6C94C" localFKIndex="F8771DE3-14F3-CB12-E455-D1261F43F13E" name="pagamento_aula_particular_FK">
<createdBy>Vitor</createdBy>
<createdTime>2020-05-06 23:59:58 UTC</createdTime>
<generatorID>1B06412E-D6B6-8310-346E-A464EE997A2F</generatorID>
<ownerDesignName>Modelo Logico_Relacional</ownerDesignName>
<referredTableLongName>aula_particular</referredTableLongName>
<deleteRule>NO ACTION</deleteRule>
<referredTableID>4A4A6402-8C5C-9A26-8342-078CE8795A39</referredTableID>
<keyObject>0035F96B-AE96-55F0-E377-02D68DDEBCD8</keyObject>
<referredKeyID>0035F96B-AE96-55F0-E377-02D68DDEBCD8</referredKeyID>
<mandatory>true</mandatory>
<refColNames>id_aula</refColNames>
<transferable>true</transferable>
<rely>false</rely>
<columnDependencyConstraintGenerateInDDL>true</columnDependencyConstraintGenerateInDDL>
</FKIndexAssociation>