<?xml version = '1.0' encoding = 'UTF-8'?>
<FKIndexAssociation class="oracle.dbtools.crest.model.design.relational.FKIndexAssociation" directorySegmentName="seg_0" id="AA8FF2F1-F65E-62EE-CC5E-D388FD8052B4" containerWithKeyObject="D0B5574F-AA94-39B7-0237-D301CAA1B02B" localFKIndex="DCA64C27-E5F2-543D-FBEF-2687419B0969" name="escala_funcionarios_FK">
<createdBy>Vitor</createdBy>
<createdTime>2020-05-06 23:59:58 UTC</createdTime>
<generatorID>B00B1B2F-3343-41AA-BF6B-258F308A9749</generatorID>
<ownerDesignName>Modelo Logico_Relacional</ownerDesignName>
<referredTableLongName>funcionarios</referredTableLongName>
<deleteRule>NO ACTION</deleteRule>
<referredTableID>18BB7EC8-98FC-4490-51CB-9DD2C3CB1290</referredTableID>
<keyObject>DCCABE9D-A87A-CD21-1174-EC60E3B994C8</keyObject>
<referredKeyID>DCCABE9D-A87A-CD21-1174-EC60E3B994C8</referredKeyID>
<mandatory>true</mandatory>
<refColNames>registro</refColNames>
<transferable>true</transferable>
<rely>false</rely>
<columnDependencyConstraintGenerateInDDL>true</columnDependencyConstraintGenerateInDDL>
</FKIndexAssociation>