<?xml version = '1.0' encoding = 'UTF-8'?>
<Diagram class="oracle.dbtools.crest.swingui.logical.DPVLogical" name="Logical" id="2561BD2B-84BA-CC7C-5F56-3A6D2E3DB189">
<createdBy>Vitor</createdBy>
<modifiedBy>Vitor</modifiedBy>
<createdTime>2020-04-09 09:31:10 UTC</createdTime>
<autoRoute>false</autoRoute>
<boxInbox>true</boxInbox>
<showLegend>false</showLegend>
<showLabels>false</showLabels>
<showRelAttributes>false</showRelAttributes>
<gridEnabled>false</gridEnabled>
<showGrid>false</showGrid>
<diagramColor>-1</diagramColor>
<display>false</display>
<notation>1</notation>
<objectViews>
<OView class="oracle.dbtools.crest.swingui.logical.TVEntity" oid="1650554D-3B04-9D14-30C4-A3407F9168C1" otype="Entity" vid="9FDFC2A0-5119-A538-6C7C-E65FE31FCBDF">
<hideElementsInCurrentOnly>false</hideElementsInCurrentOnly>
<bounds x="479" y="280" width="170" height="110"/>
</OView>
<OView class="oracle.dbtools.crest.swingui.logical.TVEntity" oid="29EBC957-A504-1171-0814-71B979A352F9" otype="Entity" vid="9E3F2009-C1C6-40AC-F2D8-31A89ACFBCD9">
<hideElementsInCurrentOnly>false</hideElementsInCurrentOnly>
<bounds x="72" y="232" width="230" height="299"/>
</OView>
<OView class="oracle.dbtools.crest.swingui.logical.TVEntity" oid="3B30219E-6559-5068-5FAD-BB461B7721C3" otype="Entity" vid="34DDC5CB-7F3A-9039-0221-D753E11F1173">
<hideElementsInCurrentOnly>false</hideElementsInCurrentOnly>
<bounds x="805" y="463" width="170" height="110"/>
</OView>
<OView class="oracle.dbtools.crest.swingui.logical.TVEntity" oid="3F1FCF91-BCAD-1AF5-DF69-A548FBC2486C" otype="Entity" vid="05B98EE9-E471-5C02-0102-9F8CB8724843">
<hideElementsInCurrentOnly>false</hideElementsInCurrentOnly>
<bounds x="183" y="265" width="81" height="83"/>
</OView>
<OView class="oracle.dbtools.crest.swingui.logical.TVEntity" oid="4B7D3D60-F08A-5A57-347C-258171CD856F" otype="Entity" vid="06489349-3F16-678C-E2B0-7A5F26EE59DF">
<hideElementsInCurrentOnly>false</hideElementsInCurrentOnly>
<bounds x="800" y="286" width="170" height="110"/>
</OView>
<OView class="oracle.dbtools.crest.swingui.logical.TVEntity" oid="5F3260F4-3C03-23F1-B047-EC02012AE63A" otype="Entity" vid="C95B0447-99A5-DD59-A693-1856795D05B5">
<hideElementsInCurrentOnly>false</hideElementsInCurrentOnly>
<bounds x="487" y="44" width="170" height="110"/>
</OView>
<OView class="oracle.dbtools.crest.swingui.logical.TVEntity" oid="B0BEC341-986C-A333-993A-9A15346614BA" otype="Entity" vid="5C99F292-E8B1-DFF5-8981-211FB16F42F8">
<hideElementsInCurrentOnly>false</hideElementsInCurrentOnly>
<bounds x="86" y="41" width="170" height="110"/>
</OView>
<OView class="oracle.dbtools.crest.swingui.logical.TVEntity" oid="D6A97590-B68E-F4B5-21AA-11DEDFAAC66F" otype="Entity" vid="A1B705D2-1001-2DBB-6EE6-4B5B2D919794">
<hideElementsInCurrentOnly>false</hideElementsInCurrentOnly>
<bounds x="184" y="352" width="79" height="77"/>
</OView>
<OView class="oracle.dbtools.crest.swingui.logical.TVEntity" oid="E435C99B-82A5-7C2A-9D87-0B7076A046DE" otype="Entity" vid="EEBFE540-C1E9-2EE0-CC9D-7A2885880299">
<hideElementsInCurrentOnly>false</hideElementsInCurrentOnly>
<bounds x="183" y="435" width="83" height="72"/>
</OView>
</objectViews>
<connectors>
<Connector class="oracle.dbtools.crest.swingui.logical.TVInheritanceRelation" oid="0893B58D-0731-59F3-4FDD-126F1D702070" otype="Hierarchy relation" vid_source="9E3F2009-C1C6-40AC-F2D8-31A89ACFBCD9" vid_target="05B98EE9-E471-5C02-0102-9F8CB8724843">
<hideElementsInCurrentOnly>false</hideElementsInCurrentOnly>
<backgroundColor>-65536</backgroundColor>
<lineWidth>1</lineWidth>
</Connector>
<Connector class="oracle.dbtools.crest.swingui.logical.TVRelation" oid="29166F97-C589-8949-D00C-68B63501FD47" otype="Relation" vid_source="5C99F292-E8B1-DFF5-8981-211FB16F42F8" vid_target="9E3F2009-C1C6-40AC-F2D8-31A89ACFBCD9">
<hideElementsInCurrentOnly>false</hideElementsInCurrentOnly>
<backgroundColor>-16777216</backgroundColor>
<lineWidth>1</lineWidth>
<points>
<point x="171" y="151"/>
<point x="171" y="232"/>
</points>
</Connector>
<Connector class="oracle.dbtools.crest.swingui.logical.TVRelation" oid="38183791-D137-FBD5-FF3F-DDC5D25F8FB2" otype="Relation" vid_source="05B98EE9-E471-5C02-0102-9F8CB8724843" vid_target="9FDFC2A0-5119-A538-6C7C-E65FE31FCBDF">
<hideElementsInCurrentOnly>false</hideElementsInCurrentOnly>
<backgroundColor>-16777216</backgroundColor>
<lineWidth>1</lineWidth>
<points>
<point x="264" y="324"/>
<point x="414" y="324"/>
<point x="479" y="324"/>
</points>
</Connector>
<Connector class="oracle.dbtools.crest.swingui.logical.TVRelation" oid="4264B6F0-87FB-FB95-0763-0EE6D85A6868" otype="Relation" vid_source="06489349-3F16-678C-E2B0-7A5F26EE59DF" vid_target="9FDFC2A0-5119-A538-6C7C-E65FE31FCBDF">
<hideElementsInCurrentOnly>false</hideElementsInCurrentOnly>
<backgroundColor>-16777216</backgroundColor>
<lineWidth>1</lineWidth>
<points>
<point x="800" y="335"/>
<point x="732" y="335"/>
<point x="649" y="335"/>
</points>
</Connector>
<Connector class="oracle.dbtools.crest.swingui.logical.TVInheritanceRelation" oid="591CB824-3EE6-44ED-3572-76F8B56D377B" otype="Hierarchy relation" vid_source="9E3F2009-C1C6-40AC-F2D8-31A89ACFBCD9" vid_target="A1B705D2-1001-2DBB-6EE6-4B5B2D919794">
<hideElementsInCurrentOnly>false</hideElementsInCurrentOnly>
<backgroundColor>-65536</backgroundColor>
<lineWidth>1</lineWidth>
</Connector>
<Connector class="oracle.dbtools.crest.swingui.logical.TVRelation" oid="690F7F21-4C30-A6E7-D2D8-9C9290789B90" otype="Relation" vid_source="06489349-3F16-678C-E2B0-7A5F26EE59DF" vid_target="C95B0447-99A5-DD59-A693-1856795D05B5">
<hideElementsInCurrentOnly>false</hideElementsInCurrentOnly>
<backgroundColor>-16777216</backgroundColor>
<lineWidth>1</lineWidth>
<points>
<point x="862" y="286"/>
<point x="862" y="92"/>
<point x="657" y="92"/>
</points>
</Connector>
<Connector class="oracle.dbtools.crest.swingui.logical.TVRelation" oid="DD59D314-5EFE-7A6B-486E-DB15964D3DDB" otype="Relation" vid_source="34DDC5CB-7F3A-9039-0221-D753E11F1173" vid_target="06489349-3F16-678C-E2B0-7A5F26EE59DF">
<hideElementsInCurrentOnly>false</hideElementsInCurrentOnly>
<backgroundColor>-16777216</backgroundColor>
<lineWidth>1</lineWidth>
<points>
<point x="975" y="535"/>
<point x="1042" y="535"/>
<point x="1042" y="332"/>
<point x="970" y="332"/>
</points>
</Connector>
<Connector class="oracle.dbtools.crest.swingui.logical.TVRelation" oid="E885C6DA-B844-1258-D81F-93148F7CA9DA" otype="Relation" vid_source="5C99F292-E8B1-DFF5-8981-211FB16F42F8" vid_target="C95B0447-99A5-DD59-A693-1856795D05B5">
<hideElementsInCurrentOnly>false</hideElementsInCurrentOnly>
<backgroundColor>-16777216</backgroundColor>
<lineWidth>1</lineWidth>
<points>
<point x="256" y="97"/>
<point x="487" y="97"/>
</points>
</Connector>
<Connector class="oracle.dbtools.crest.swingui.logical.TVInheritanceRelation" oid="F1369668-9842-F024-E9CA-FA5AE880F613" otype="Hierarchy relation" vid_source="9E3F2009-C1C6-40AC-F2D8-31A89ACFBCD9" vid_target="EEBFE540-C1E9-2EE0-CC9D-7A2885880299">
<hideElementsInCurrentOnly>false</hideElementsInCurrentOnly>
<backgroundColor>-65536</backgroundColor>
<lineWidth>1</lineWidth>
</Connector>
</connectors>
</Diagram>