<?xml version = '1.0' encoding = 'UTF-8'?>
<relationalModel class="oracle.dbtools.crest.model.design.relational.RelationalDesign" name="Relational_1" id="910130A8-E2BC-E64D-92E6-056015DFCA85" mainViewID="2EC2E398-3E72-AF0E-8AF8-19A52F02E12B">
<createdBy>Vitor</createdBy>
<createdTime>2020-04-09 09:29:46 UTC</createdTime>
<ownerDesignName>modelo logico v1.0</ownerDesignName>
<shouldBeOpen>false</shouldBeOpen>
<selectedRDBMSSite>32076570-2523-435C-2E92-BF29817DFF70</selectedRDBMSSite>
</relationalModel>