<?xml version = '1.0' encoding = 'UTF-8'?>
<relationalModel class="oracle.dbtools.crest.model.design.relational.RelationalDesign" name="Relational_1" id="A31BB78B-980B-46E7-C885-2B44F190B212" mainViewID="8FFB028E-4737-F73F-1B74-132FB4D6BB96">
<createdBy>Vitor</createdBy>
<createdTime>2020-04-02 16:19:14 UTC</createdTime>
<ownerDesignName>Banco de dados academia</ownerDesignName>
<shouldBeOpen>false</shouldBeOpen>
<selectedRDBMSSite>32076570-2523-435C-2E92-BF29817DFF70</selectedRDBMSSite>
</relationalModel>