<?xml version = '1.0' encoding = 'UTF-8'?>
<Diagram class="oracle.dbtools.crest.swingui.logical.DPVLogical" name="Logical" id="839511EB-EFFF-B269-CD92-12F90982F9A5">
<createdBy>Vitor</createdBy>
<modifiedBy>Vitor</modifiedBy>
<createdTime>2020-04-02 16:20:18 UTC</createdTime>
<autoRoute>false</autoRoute>
<boxInbox>true</boxInbox>
<showLegend>false</showLegend>
<showLabels>false</showLabels>
<showRelAttributes>false</showRelAttributes>
<gridEnabled>false</gridEnabled>
<showGrid>false</showGrid>
<diagramColor>-1</diagramColor>
<display>false</display>
<notation>1</notation>
<objectViews>
<OView class="oracle.dbtools.crest.swingui.logical.TVEntity" oid="09FE58A1-CC43-273B-168D-D8089ACC7702" otype="Entity" vid="1226E4B7-5E3D-2971-CC04-715B840AD9C2">
<hideElementsInCurrentOnly>false</hideElementsInCurrentOnly>
<bounds x="373" y="467" width="170" height="110"/>
</OView>
<OView class="oracle.dbtools.crest.swingui.logical.TVEntity" oid="1011C2B8-588D-0871-B9FF-B33CDCE96BAB" otype="Entity" vid="B53DF392-F662-3FAA-9100-95987DA46177">
<hideElementsInCurrentOnly>false</hideElementsInCurrentOnly>
<bounds x="463" y="250" width="170" height="110"/>
</OView>
<OView class="oracle.dbtools.crest.swingui.logical.TVEntity" oid="10185822-2C2F-7FCF-3FA2-BD26C9D5CD50" otype="Entity" vid="9655C1E1-D843-E620-E634-413A95078196">
<hideElementsInCurrentOnly>false</hideElementsInCurrentOnly>
<bounds x="82" y="14" width="170" height="110"/>
</OView>
<OView class="oracle.dbtools.crest.swingui.logical.TVEntity" oid="240D2313-72EE-69D1-0BA0-B385EEF56B28" otype="Entity" vid="899BD083-92AE-5C51-55D9-B39B31939CA0">
<hideElementsInCurrentOnly>false</hideElementsInCurrentOnly>
<bounds x="361" y="28" width="170" height="110"/>
</OView>
<OView class="oracle.dbtools.crest.swingui.logical.TVEntity" oid="340623C1-97B2-E4E5-0A1D-49CE338C0A19" otype="Entity" vid="59CC26BF-8F76-4DD2-75CB-B038EF962DE7">
<hideElementsInCurrentOnly>false</hideElementsInCurrentOnly>
<bounds x="746" y="27" width="170" height="110"/>
</OView>
<OView class="oracle.dbtools.crest.swingui.logical.TVEntity" oid="3C13F4FF-9DA6-A0F5-199C-DD0E7BC4DAF7" otype="Entity" vid="54505E06-6B4A-1153-49F5-B9FFC9D0C639">
<hideElementsInCurrentOnly>false</hideElementsInCurrentOnly>
<bounds x="51" y="180" width="233" height="283"/>
</OView>
<OView class="oracle.dbtools.crest.swingui.logical.TVEntity" oid="590B3F94-2DD2-A84B-5B21-611608E8ACDE" otype="Entity" vid="D49F232D-7EF5-E67A-BE39-3562DC9DF489">
<hideElementsInCurrentOnly>false</hideElementsInCurrentOnly>
<bounds x="1012" y="255" width="170" height="110"/>
</OView>
<OView class="oracle.dbtools.crest.swingui.logical.TVEntity" oid="6714E1A1-F573-4032-08B0-7B782FBFA836" otype="Entity" vid="BE844B54-5A9E-DB75-F1AA-39253476F14C">
<hideElementsInCurrentOnly>false</hideElementsInCurrentOnly>
<bounds x="79" y="203" width="170" height="62"/>
</OView>
<OView class="oracle.dbtools.crest.swingui.logical.TVEntity" oid="71D7237B-9464-EEED-59BE-0BF841464642" otype="Entity" vid="D0F0FA21-FFD6-3FF3-1369-5097E9C6E492">
<hideElementsInCurrentOnly>false</hideElementsInCurrentOnly>
<bounds x="745" y="254" width="170" height="110"/>
</OView>
<OView class="oracle.dbtools.crest.swingui.logical.TVEntity" oid="99A25DE9-0F94-DFA1-4630-7FB143851981" otype="Entity" vid="79AEC9B9-3F1F-008D-FD4B-70F0328E76AD">
<hideElementsInCurrentOnly>false</hideElementsInCurrentOnly>
<bounds x="82" y="280" width="170" height="64"/>
</OView>
<OView class="oracle.dbtools.crest.swingui.logical.TVEntity" oid="A473FE0A-A5A4-9273-ED2B-1C971B72F051" otype="Entity" vid="B8AC606D-2CDF-6666-738D-F13F86996F48">
<hideElementsInCurrentOnly>false</hideElementsInCurrentOnly>
<bounds x="80" y="360" width="170" height="63"/>
</OView>
</objectViews>
<connectors>
<Connector class="oracle.dbtools.crest.swingui.logical.TVRelation" oid="1A95B2CC-E16D-2E2F-31CA-886733139A05" otype="Relation" vid_source="B53DF392-F662-3FAA-9100-95987DA46177" vid_target="899BD083-92AE-5C51-55D9-B39B31939CA0">
<hideElementsInCurrentOnly>false</hideElementsInCurrentOnly>
<backgroundColor>-16777216</backgroundColor>
<lineWidth>1</lineWidth>
<points>
<point x="497" y="250"/>
<point x="497" y="138"/>
</points>
</Connector>
<Connector class="oracle.dbtools.crest.swingui.logical.TVRelation" oid="3C190AEF-5480-5F57-B7F9-43A69C6EFDA7" otype="Relation" vid_source="BE844B54-5A9E-DB75-F1AA-39253476F14C" vid_target="899BD083-92AE-5C51-55D9-B39B31939CA0">
<hideElementsInCurrentOnly>false</hideElementsInCurrentOnly>
<backgroundColor>-16777216</backgroundColor>
<lineWidth>1</lineWidth>
<points>
<point x="249" y="224"/>
<point x="406" y="224"/>
<point x="406" y="138"/>
</points>
</Connector>
<Connector class="oracle.dbtools.crest.swingui.logical.TVRelation" oid="429F73D9-FB35-2CBF-60B6-5C06AA0AE46B" otype="Relation" vid_source="9655C1E1-D843-E620-E634-413A95078196" vid_target="54505E06-6B4A-1153-49F5-B9FFC9D0C639">
<hideElementsInCurrentOnly>false</hideElementsInCurrentOnly>
<backgroundColor>-16777216</backgroundColor>
<lineWidth>1</lineWidth>
<points>
<point x="152" y="124"/>
<point x="152" y="180"/>
</points>
</Connector>
<Connector class="oracle.dbtools.crest.swingui.logical.TVRelation" oid="45F65259-6565-703D-6937-3E34075C6BF0" otype="Relation" vid_source="BE844B54-5A9E-DB75-F1AA-39253476F14C" vid_target="1226E4B7-5E3D-2971-CC04-715B840AD9C2">
<hideElementsInCurrentOnly>false</hideElementsInCurrentOnly>
<backgroundColor>-16777216</backgroundColor>
<lineWidth>1</lineWidth>
<points>
<point x="249" y="249"/>
<point x="409" y="249"/>
<point x="409" y="467"/>
</points>
</Connector>
<Connector class="oracle.dbtools.crest.swingui.logical.TVRelation" oid="8E97D11E-D959-8A43-12A3-82F307801BD3" otype="Relation" vid_source="899BD083-92AE-5C51-55D9-B39B31939CA0" vid_target="59CC26BF-8F76-4DD2-75CB-B038EF962DE7">
<hideElementsInCurrentOnly>false</hideElementsInCurrentOnly>
<backgroundColor>-16777216</backgroundColor>
<lineWidth>1</lineWidth>
<points>
<point x="531" y="82"/>
<point x="746" y="82"/>
</points>
</Connector>
<Connector class="oracle.dbtools.crest.swingui.logical.TVRelation" oid="CBFB6B07-2EE7-4E7E-F1DF-F24BFFB87CAB" otype="Relation" vid_source="D0F0FA21-FFD6-3FF3-1369-5097E9C6E492" vid_target="1226E4B7-5E3D-2971-CC04-715B840AD9C2">
<hideElementsInCurrentOnly>false</hideElementsInCurrentOnly>
<backgroundColor>-16777216</backgroundColor>
<lineWidth>1</lineWidth>
<points>
<point x="831" y="364"/>
<point x="831" y="538"/>
<point x="543" y="538"/>
</points>
</Connector>
<Connector class="oracle.dbtools.crest.swingui.logical.TVRelation" oid="D5FD0F13-B4D5-04A6-E0AF-49B4B574AB4D" otype="Relation" vid_source="59CC26BF-8F76-4DD2-75CB-B038EF962DE7" vid_target="D0F0FA21-FFD6-3FF3-1369-5097E9C6E492">
<hideElementsInCurrentOnly>false</hideElementsInCurrentOnly>
<backgroundColor>-16777216</backgroundColor>
<lineWidth>1</lineWidth>
<points>
<point x="832" y="137"/>
<point x="834" y="254"/>
</points>
</Connector>
<Connector class="oracle.dbtools.crest.swingui.logical.TVRelation" oid="ED731DC5-1FD6-EB68-B9A9-B8ED668C7898" otype="Relation" vid_source="B53DF392-F662-3FAA-9100-95987DA46177" vid_target="1226E4B7-5E3D-2971-CC04-715B840AD9C2">
<hideElementsInCurrentOnly>false</hideElementsInCurrentOnly>
<backgroundColor>-16777216</backgroundColor>
<lineWidth>1</lineWidth>
<points>
<point x="503" y="360"/>
<point x="503" y="467"/>
</points>
</Connector>
<Connector class="oracle.dbtools.crest.swingui.logical.TVRelation" oid="EF4F823A-ED3B-FF90-ACB9-9FBB962D6845" otype="Relation" vid_source="D49F232D-7EF5-E67A-BE39-3562DC9DF489" vid_target="D0F0FA21-FFD6-3FF3-1369-5097E9C6E492">
<hideElementsInCurrentOnly>false</hideElementsInCurrentOnly>
<backgroundColor>-16777216</backgroundColor>
<lineWidth>1</lineWidth>
<points>
<point x="1012" y="309"/>
<point x="915" y="309"/>
</points>
</Connector>
</connectors>
</Diagram>