<?xml version = '1.0' encoding = 'UTF-8'?>
<Relation class="oracle.dbtools.crest.model.design.logical.Relation" name="Relation_16" directorySegmentName="seg_0" id="1B06412E-D6B6-8310-346E-A464EE997A2F">
<createdBy>Vitor</createdBy>
<createdTime>2020-04-28 18:28:43 UTC</createdTime>
<ownerDesignName>modelo logico v1.0</ownerDesignName>
<engineerTo>
<item key="910130A8-E2BC-E64D-92E6-056015DFCA85" value="true"/>
</engineerTo>
<sourcePk>7C080347-6844-4A5F-DDC8-0F0B9167DA59</sourcePk>
<targetPk>2905F31B-81C1-178B-4D07-15D0C6F25669</targetPk>
<identifying>false</identifying>
<optionalSource>false</optionalSource>
<optionalTarget>false</optionalTarget>
<sourceCardinality>1</sourceCardinality>
<sourceEntity>1650554D-3B04-9D14-30C4-A3407F9168C1</sourceEntity>
<targetCardinalityString>1</targetCardinalityString>
<targetEntity>16869177-9246-CAD4-1DE0-0B420002D07D</targetEntity>
<transferable>true</transferable>
<deleteRule>NO ACTION</deleteRule>
</Relation>