<?xml version = '1.0' encoding = 'UTF-8'?>
<Relation class="oracle.dbtools.crest.model.design.logical.Relation" name="Relation_3" directorySegmentName="seg_0" id="38183791-D137-FBD5-FF3F-DDC5D25F8FB2">
<createdBy>Vitor</createdBy>
<createdTime>2020-04-09 09:41:47 UTC</createdTime>
<ownerDesignName>modelo logico v1.0</ownerDesignName>
<engineerTo>
<item key="910130A8-E2BC-E64D-92E6-056015DFCA85" value="true"/>
</engineerTo>
<sourcePk>3A2F7065-CB9B-B873-58A3-09644759F67C</sourcePk>
<identifying>false</identifying>
<optionalSource>true</optionalSource>
<optionalTarget>false</optionalTarget>
<sourceCardinality>1</sourceCardinality>
<sourceEntity>3F1FCF91-BCAD-1AF5-DF69-A548FBC2486C</sourceEntity>
<targetCardinalityString>*</targetCardinalityString>
<targetEntity>1650554D-3B04-9D14-30C4-A3407F9168C1</targetEntity>
<transferable>true</transferable>
<deleteRule>NO ACTION</deleteRule>
</Relation>